m_chi_GeV,m_phi_MeV,alpha,omega_h2,sigma_m_5,sigma_m_10,sigma_m_30,sigma_m_1000,resonance_idx,delta_omega
13.894955,7.3417495075e+00,0.00063504808674,0.1184384655782741,0.3616087607970346,0.710153522731294,1.001066,0.09953134,0,0.0015615344217258936
18.4207,8.1967290095e+00,0.00081899850311,0.12372185592884422,0.5453406615412965,0.8858899545601571,1.060725,0.09976827,0,0.00372185592884422
18.4207,8.1967290095e+00,0.00081645476221,0.12445325938834083,0.5426483197067065,0.8820974450360272,1.056723,0.09917777,0,0.004453259388340833
