v_km_s,BP1_sigma_m,BP9_sigma_m,MAP_sigma_m
1.0,0.019171,0.106474,1.376127
3.0,0.105221,0.399259,1.382113
5.0,0.214276,0.537715,1.360019
8.0,0.338987,0.602411,1.308137
10.0,0.392515,0.615985,1.263937
12.0,0.429474,0.621677,1.220924
15.0,0.465065,0.623805,1.195742
20.0,0.495805,0.620264,1.324156
30.0,0.515325,0.602859,1.714390
50.0,0.508919,0.555204,1.861276
100.0,0.445045,0.520448,1.235385
300.0,0.294507,0.393260,0.566167
1000.0,0.072304,0.088913,0.202792
