v_km_s,BP1_sigma_m,BP9_sigma_m,MAP_sigma_m
1.0,0.353067,1.414255,1.435839
3.0,0.700794,2.097528,1.444073
5.0,0.746204,2.131970,1.414992
8.0,0.751996,2.115079,1.347959
10.0,0.749144,2.094153,1.296059
12.0,0.744554,2.068452,1.258393
15.0,0.735596,2.022532,1.270723
20.0,0.716528,1.935319,1.451536
30.0,0.671970,1.831097,1.796987
50.0,0.653165,2.064971,1.807553
100.0,0.771912,2.228132,1.217925
300.0,0.471405,1.095187,0.589547
1000.0,0.120131,0.257233,0.168923
