{
    "BP1": {
        "label": "BP1",
        "m_chi_GeV": 20.69,
        "m_phi_MeV": 11.34,
        "relic_product": 1.387474e-7
    },
    "MAP": {
        "label": "MAP",
        "m_chi_GeV": 94.07,
        "m_phi_MeV": 11.10,
        "relic_product": 1.387474e-7
    },
    "viable_alpha_s_BP1": [
        1.3384e-3, 1.5039e-3, 1.6898e-3, 1.8988e-3,
        2.1336e-3, 2.3974e-3, 2.6939e-3, 3.0270e-3,
        3.4013e-3, 3.8219e-3, 4.2945e-3, 4.8255e-3,
        5.4222e-3
    ],
    "velocities_km_s": [10, 30, 50, 100, 200, 500, 1000],
    "output_dir": "output"
}
